<?xml version="1.0" encoding="UTF-8"?>
<GenRun Id="impl_1" LaunchPart="xc7a35tcpg236-1" LaunchTime="1733550824">
  <File Type="PA-TCL" Name="dino_game.tcl"/>
  <File Type="BITSTR-MSK" Name="dino_game.msk"/>
  <File Type="RDI-RDI" Name="dino_game.vdi"/>
  <File Type="BG-BIT" Name="dino_game.bit"/>
  <File Type="BG-DRC" Name="dino_game.drc"/>
  <File Type="BG-BGN" Name="dino_game.bgn"/>
  <File Type="BG-BIN" Name="dino_game.bin"/>
  <File Type="BITSTR-RBT" Name="dino_game.rbt"/>
  <File Type="BITSTR-NKY" Name="dino_game.nky"/>
  <File Type="BITSTR-BMM" Name="dino_game_bd.bmm"/>
  <File Type="BITSTR-MMI" Name="dino_game.mmi"/>
  <File Type="BITSTR-SYSDEF" Name="dino_game.sysdef"/>
  <File Type="WBT-USG" Name="usage_statistics_webtalk.html"/>
  <File Type="RUN-SRCS" Name="$PDATADIR/runs/impl_1/sources.xml"/>
  <File Type="RUN-CONSTRS" Name="$PDATADIR/runs/impl_1/constrs_in.xml"/>
  <File Type="RUN-STRAT" Name="$PDATADIR/runs/impl_1/impl_1.psg"/>
  <File Type="OPT-HWDEF" Name="dino_game.hwdef"/>
  <File Type="PLACE-PRE-SIMILARITY" Name="dino_game_incremental_reuse_pre_placed.rpt"/>
  <File Type="ROUTE-DCP" Name="dino_game_routed.dcp"/>
  <File Type="ROUTE-TIMING-PB" Name="dino_game_timing_summary_routed.pb"/>
  <File Type="OPT-DCP" Name="dino_game_opt.dcp"/>
  <File Type="PLACE-DCP" Name="dino_game_placed.dcp"/>
  <File Type="PWROPT-DCP" Name="dino_game_pwropt.dcp"/>
  <File Type="POSTPLACE-PWROPT-DCP" Name="dino_game_postplace_pwropt.dcp"/>
  <File Type="PHYSOPT-DCP" Name="dino_game_physopt.dcp"/>
  <File Type="POSTROUTE-PHYSOPT-DCP" Name="dino_game_postroute_physopt.dcp"/>
  <FileSet Name="sources" Type="DesignSrcs" RelSrcDir="$PSRCDIR/sources_1">
    <Filter Type="Srcs"/>
    <File Path="$PSRCDIR/sources_1/new/Game Logic.v">
      <FileInfo>
        <Attr Name="UsedIn" Val="synthesis"/>
        <Attr Name="UsedIn" Val="implementation"/>
        <Attr Name="UsedIn" Val="simulation"/>
      </FileInfo>
    </File>
    <File Path="$PSRCDIR/sources_1/new/VGA Controller.v">
      <FileInfo>
        <Attr Name="UsedIn" Val="synthesis"/>
        <Attr Name="UsedIn" Val="implementation"/>
        <Attr Name="UsedIn" Val="simulation"/>
      </FileInfo>
    </File>
    <File Path="$PSRCDIR/sources_1/new/Clock Divider.v">
      <FileInfo>
        <Attr Name="UsedIn" Val="synthesis"/>
        <Attr Name="UsedIn" Val="implementation"/>
        <Attr Name="UsedIn" Val="simulation"/>
      </FileInfo>
    </File>
    <File Path="$PPRDIR/game.v">
      <FileInfo>
        <Attr Name="UsedIn" Val="synthesis"/>
        <Attr Name="UsedIn" Val="implementation"/>
        <Attr Name="UsedIn" Val="simulation"/>
      </FileInfo>
    </File>
    <Config>
      <Option Name="DesignMode" Val="RTL"/>
      <Option Name="TopModule" Val="dino_game"/>
      <Option Name="TopAutoSet" Val="TRUE"/>
    </Config>
  </FileSet>
  <FileSet Name="constrs_in" Type="Constrs" RelSrcDir="$PSRCDIR/constrs_1">
    <Filter Type="Constrs"/>
    <File Path="$PSRCDIR/constrs_1/new/d.xdc">
      <FileInfo>
        <Attr Name="UsedIn" Val="synthesis"/>
        <Attr Name="UsedIn" Val="implementation"/>
      </FileInfo>
    </File>
    <Config>
      <Option Name="ConstrsType" Val="XDC"/>
    </Config>
  </FileSet>
  <Strategy Version="1" Minor="2">
    <StratHandle Name="Vivado Implementation Defaults" Flow="Vivado Implementation 2015"/>
    <Step Id="init_design"/>
    <Step Id="opt_design"/>
    <Step Id="power_opt_design"/>
    <Step Id="place_design"/>
    <Step Id="post_place_power_opt_design"/>
    <Step Id="phys_opt_design"/>
    <Step Id="route_design"/>
    <Step Id="post_route_phys_opt_design"/>
    <Step Id="write_bitstream"/>
    <Step Id="write_device_image"/>
  </Strategy>
</GenRun>
