<?xml version="1.0" encoding="UTF-8"?>
<GenRun Id="synth_2" LaunchPart="xc7a35tcpg236-1" LaunchTime="1733550937">
  <File Type="PA-TCL" Name="dino_game.tcl"/>
  <File Type="RUN-STRAT" Name="$PDATADIR/runs/synth_2/synth_2.psg"/>
  <File Type="RDS-RDS" Name="dino_game.vds"/>
  <File Type="RDS-DCP" Name="dino_game.dcp"/>
  <File Type="RUN-SRCS" Name="$PDATADIR/runs/synth_2/sources.xml"/>
  <File Type="RUN-CONSTRS" Name="$PDATADIR/runs/synth_2/constrs_in.xml"/>
  <FileSet Name="sources" Type="DesignSrcs" RelSrcDir="$PSRCDIR/sources_1">
    <Filter Type="Srcs"/>
    <File Path="$PSRCDIR/sources_1/new/Game Logic.v">
      <FileInfo>
        <Attr Name="UsedIn" Val="synthesis"/>
        <Attr Name="UsedIn" Val="implementation"/>
        <Attr Name="UsedIn" Val="simulation"/>
      </FileInfo>
    </File>
    <File Path="$PSRCDIR/sources_1/new/VGA Controller.v">
      <FileInfo>
        <Attr Name="UsedIn" Val="synthesis"/>
        <Attr Name="UsedIn" Val="implementation"/>
        <Attr Name="UsedIn" Val="simulation"/>
      </FileInfo>
    </File>
    <File Path="$PSRCDIR/sources_1/new/Clock Divider.v">
      <FileInfo>
        <Attr Name="UsedIn" Val="synthesis"/>
        <Attr Name="UsedIn" Val="implementation"/>
        <Attr Name="UsedIn" Val="simulation"/>
      </FileInfo>
    </File>
    <File Path="$PPRDIR/game.v">
      <FileInfo>
        <Attr Name="UsedIn" Val="synthesis"/>
        <Attr Name="UsedIn" Val="implementation"/>
        <Attr Name="UsedIn" Val="simulation"/>
      </FileInfo>
    </File>
    <Config>
      <Option Name="DesignMode" Val="RTL"/>
      <Option Name="TopModule" Val="dino_game"/>
      <Option Name="TopAutoSet" Val="TRUE"/>
    </Config>
  </FileSet>
  <FileSet Name="constrs_in" Type="Constrs" RelSrcDir="$PSRCDIR/constrs_1">
    <Filter Type="Constrs"/>
    <File Path="$PSRCDIR/constrs_1/new/d.xdc">
      <FileInfo>
        <Attr Name="UsedIn" Val="synthesis"/>
        <Attr Name="UsedIn" Val="implementation"/>
      </FileInfo>
    </File>
    <Config>
      <Option Name="ConstrsType" Val="XDC"/>
    </Config>
  </FileSet>
  <Strategy Version="1" Minor="2">
    <StratHandle Name="Flow_PerfOptimized_High" Flow="Vivado Synthesis 2015"/>
    <Step Id="synth_design">
      <Option Id="FsmExtraction">1</Option>
      <Option Id="KeepEquivalentRegisters">1</Option>
      <Option Id="NoCombineLuts">1</Option>
      <Option Id="RepFanoutThreshold">400</Option>
      <Option Id="ResourceSharing">2</Option>
      <Option Id="ShregMinSize">5</Option>
    </Step>
  </Strategy>
</GenRun>
